{
  "photoData": [
    {
      "src": "/img/photo/1.jpg"
    },
    {
      "src": "/img/photo/2.jpg"
    },
    {
      "src": "/img/photo/3.jpg"
    },
    {
      "src": "/img/photo/4.jpg"
    },
    {
      "src": "/img/photo/5.jpg"
    },
    {
      "src": "/img/photo/6.jpg"
    },
    {
      "src": "/img/photo/7.jpg"
    },
    {
      "src": "/img/photo/8.jpg"
    },
    {
      "src": "/img/photo/9.jpg"
    },
    {
      "src": "/img/photo/10.jpg"
    },
    {
      "src": "/img/photo/11.jpg"
    },
    {
      "src": "/img/photo/12.jpg"
    },
    {
      "src": "/img/photo/13.jpg"
    },
    {
      "src": "/img/photo/14.jpg"
    },
    {
      "src": "/img/photo/15.jpg"
    },
    {
      "src": "/img/photo/16.jpg"
    },
    {
      "src": "/img/photo/17.jpg"
    },
    {
      "src": "/img/photo/18.jpg"
    },
    {
      "src": "/img/photo/19.jpg"
    },
    {
      "src": "/img/photo/20.jpg"
    },
    {
      "src": "/img/photo/21.jpg"
    },
    {
      "src": "/img/photo/22.jpg"
    },
    {
      "src": "/img/photo/23.jpg"
    },
    {
      "src": "/img/photo/24.jpg"
    }
  ]
}